{"cameraMode":{"drawMode":0,"name":"Shaded","section":"Shading Mode"},"sceneLighting":true,"audioPlay":false,"sceneViewState":{"showFog":true,"showMaterialUpdate":false,"showSkybox":true,"showFlares":true,"showImageEffects":true,"showParticleSystems":true,"showVisualEffectGraphs":true,"m_FxEnabled":true},"in2DMode":false,"pivot":{"x":-0.1314682811498642,"y":1.7830564975738526,"z":-1.1307580471038819},"rotation":{"x":-0.32803666591644289,"y":-0.15510593354701997,"z":0.054697588086128238,"w":-0.9302782416343689},"size":0.6325566172599793,"orthographic":false}